<?xml version="1.0" encoding="UTF-8"?>
<vulnerabilities>
	<vulnerability name="SQL Injection">
		<description>SQL Injection description</description>
		<solution text="SQL Injection solution"/>
		<references>
			<reference>
				<title>http://www.owasp.org/index.php/SQL_Injection</title>
				<url>http://www.owasp.org/index.php/SQL_Injection</url>
			</reference>
			<reference>
				<title>http://en.wikipedia.org/wiki/SQL_injection</title>
				<url>http://en.wikipedia.org/wiki/SQL_injection</url>
			</reference>
		</references>
	</vulnerability>
	<vulnerability name="Blind SQL Injection">
		<description>Blind SQL Injection description</description>
		<solution text="Blind SQL Injection solution" />
		<references>
			<reference>
        <title>http://www.owasp.org/index.php/Blind_SQL_Injection</title>
        <url>http://www.owasp.org/index.php/Blind_SQL_Injection</url>
			</reference>
			<reference>
        <title>http://www.imperva.com/resources/adc/blind_sql_server_injection.html</title>
        <url>http://www.imperva.com/resources/adc/blind_sql_server_injection.html</url>
			</reference>
		</references>
	</vulnerability>
	<vulnerability name="File Handling">
		<description>File Handling description</description>
		<solution text="File Handling solution" />
		<references>
			<reference>
				<title>http://www.owasp.org/index.php/Path_Traversal</title>
				<url>http://www.owasp.org/index.php/Path_Traversal</url>
			</reference>
			<reference>
				<title>http://www.acunetix.com/websitesecurity/directory-traversal.htm</title>
				<url>http://www.acunetix.com/websitesecurity/directory-traversal.htm</url>
			</reference>
		</references>
	</vulnerability>
	<vulnerability name="Cross Site Scripting">
		<description>Cross Site Scripting description</description>
		<solution text="Cross Site Scripting solution" />
		<references>
			<reference>
				<title>http://www.owasp.org/index.php/Cross_Site_Scripting</title>
				<url>http://www.owasp.org/index.php/Cross_Site_Scripting</url>
			</reference>
			<reference>
				<title>http://en.wikipedia.org/wiki/Cross-site_scripting</title>
				<url>http://en.wikipedia.org/wiki/Cross-site_scripting</url>
			</reference>
		</references>
	</vulnerability>
	<vulnerability name="CRLF">
		<description>CRLF description</description>
		<solution text="CRLF solution"/>
		<references>
			<reference>
				<title>http://www.owasp.org/index.php/CRLF_Injection</title>
				<url>http://www.owasp.org/index.php/CRLF_Injection</url>
			</reference>
			<reference>
				<title>http://www.acunetix.com/websitesecurity/crlf-injection.htm</title>
				<url>http://www.acunetix.com/websitesecurity/crlf-injection.htm</url>
			</reference>
		</references>
	</vulnerability>
	<vulnerability name="Commands execution">
		<description>Commands execution description</description>
		<solution text="Commands execution solution"/>
		<references>
			<reference>
				<title>http://www.owasp.org/index.php/Command_Injection</title>
				<url>http://www.owasp.org/index.php/Command_Injection</url>
			</reference>
		</references>
	</vulnerability>
	<vulnerability name="Resource consumption">
		<description>Resource consumption description</description>
		<solution text="Resource consumption solution"/>
		<references>
			<reference>
        <title>http://www.owasp.org/index.php/Asymmetric_resource_consumption_(amplification)</title>
        <url>http://www.owasp.org/index.php/Asymmetric_resource_consumption_(amplification)</url>
			</reference>
		</references>
	</vulnerability>
	<vulnerability name="Htaccess Bypass">
		<description>Htaccess bypass description</description>
		<solution text="Htaccess bypass solution"/>
		<references>
			<reference>
        <title>http://blog.teusink.net/2009/07/common-apache-htaccess-misconfiguration.html</title>
        <url>http://blog.teusink.net/2009/07/common-apache-htaccess-misconfiguration.html</url>
			</reference>
		</references>
	</vulnerability>
	<vulnerability name="Backup file">
		<description>Backup file description</description>
		<solution text="Backup file solution"/>
		<references>
			<reference>
        <title>Testing for Old, Backup and Unreferenced Files (OWASP-CM-006)</title>
        <url>http://www.owasp.org/index.php/Testing_for_Old,_Backup_and_Unreferenced_Files_(OWASP-CM-006)</url>
			</reference>
		</references>
	</vulnerability>
	<vulnerability name="Potentially dangerous file">
		<description>Potentially dangerous file description</description>
		<solution text="Potentially dangerous file solution"/>
		<references>
			<reference>
        <title>The Open Source Vulnerability Database</title>
        <url>http://osvdb.org/</url>
			</reference>
		</references>
	</vulnerability>

</vulnerabilities>
